Prompt,Real_Results,Generated_Results
"c = 3
e = 9
e = 0 * c
print(e)
# output",[0.0],[0.0]
"e = 2
a = 6
c = a / 4
print(c)
# output",[1.5],[1.5]
"e = 6
c = 3 / e
print(c)
# output",[0.5],[0.5]
"e = 8
a = 3
print(e / a)
# output",[2.6666666666666665],[2.6666666666666665]
"a = 8
e = a + 1
print(a / a)
# output",[1.0],[1.0]
"e = 6
a = 7
d = a - 1
print(d)
# output",[6.0],[6.0]
"d = 9
print(d * d)
# output",[81.0],[81.0]
"c = 4
print(c + 3)
# output",[7.0],[7.0]
"d = 7
print(d / d)
# output",[1.0],[1.0]
"d = 5
a = 0
print(a + d)
# output",[5.0],[5.0]
"a = 6
b = 0
a = 3 - 3
print(b / 9)
# output",[0.0],[0.0]
"a = 0
a = 0
print(a)
# output",[0.0],[0.0]
"c = 3
e = 7
print(c * c)
# output",[9.0],[9.0]
"a = 2
e = 0 / 8
print(a * a)
# output",[4.0],[4.0]
"e = 9
a = 9
print(a * e)
# output",[81.0],[81.0]
"d = 8
e = 4
print(e + d)
# output",[12.0],[12.0]
"a = 2
c = a - 6
print(a / a)
# output",[1.0],[1.0]
"a = 6
b = 7
d = a - 0
print(d)
# output",[6.0],[6.0]
"b = 7
e = 2
b = 0 * 7
print(b)
# output",[0.0],[0.0]
"c = 9
e = 4
print(c - 5)
# output",[4.0],[4.0]
"d = 4
d = 7 * 4
print(d * d)
# output",[784.0],[196.0]
"a = 4
print(a / a)
# output",[1.0],[1.0]
"e = 3
b = 4
a = e - 6
print(a)
# output",[-3.0],[-3.0]
"d = 5
d = 9 - 7
print(d)
# output",[2.0],[2.0]
"b = 7
b = 3 / b
print(b)
# output",[0.42857142857142855],[0.42857142857142855]
"a = 9
b = a + a
print(a / a)
# output",[1.0],[1.0]
"a = 0
d = a * 9
print(d)
# output",[0.0],[0.0]
"e = 1
c = e + e
print(c)
# output",[2.0],[2.0]
"e = 3
c = e + 2
print(e + e)
# output",[6.0],[6.0]
"a = 4
e = 0 * 7
print(a + 2)
# output",[6.0],[6.0]
"b = 6
b = 5
b = b - b
print(b / 3)
# output",[0.0],[0.0]
"b = 0
d = 9 * 1
print(d)
# output",[9.0],[9.0]
"a = 4
a = 2
print(a)
# output",[2.0],[2.0]
"e = 9
b = 3
print(b)
# output",[3.0],[3.0]
"d = 6
c = 4 + 1
print(d + 2)
# output",[8.0],[8.0]
"d = 8
c = d - 6
print(c)
# output",[2.0],[2.0]
"a = 9
d = 1
print(a * d)
# output",[9.0],[9.0]
"c = 4
a = 4
print(a)
# output",[4.0],[4.0]
"b = 5
a = 1
b = a - a
print(b)
# output",[0.0],[0.0]
"d = 2
c = 1
print(d)
# output",[2.0],[2.0]
"e = 3
b = 5
print(b * 9)
# output",[45.0],[45.0]
"e = 9
d = 5
d = e * d
print(e / d)
# output",[0.2],[0.9]
"c = 5
print(c * c)
# output",[25.0],[25.0]
"e = 2
c = 8 / e
print(e * 9)
# output",[18.0],[18.0]
"c = 0
c = 6 - 8
print(c)
# output",[-2.0],[-2.0]
"e = 7
a = 2
d = 5 * 7
print(a * 7)
# output",[14.0],[14.0]
"e = 1
print(e * e)
# output",[1.0],[1.0]
"d = 6
b = d * d
print(b)
# output",[36.0],[36.0]
"e = 8
b = e / 5
print(e / 2)
# output",[4.0],[4.0]
"d = 6
c = 3
a = 9 + d
print(a)
# output",[15.0],[15.0]
"d = 4
a = 8
print(a * a)
# output",[64.0],[64.0]
"e = 6
print(e + e)
# output",[12.0],[12.0]
"b = 3
a = 3
print(a)
# output",[3.0],[3.0]
"b = 9
b = 9
print(b - 5)
# output",[4.0],[4.0]
"a = 8
print(a)
# output",[8.0],[8.0]
"b = 2
e = 2
print(e)
# output",[2.0],[2.0]
"e = 1
c = e / 7
print(e - e)
# output",[0.0],[0.0]
"e = 3
c = 0
print(c)
# output",[0.0],[0.0]
"a = 1
a = 3
print(a / 1)
# output",[3.0],[3.0]
"c = 3
print(c / c)
# output",[1.0],[1.0]
"c = 0
c = c - c
print(c)
# output",[0.0],[0.0]
"a = 7
d = 2
print(a)
# output",[7.0],[7.0]
"c = 3
a = 0
print(c - 4)
# output",[-1.0],[-1.0]
"e = 9
a = 5
print(e)
# output",[9.0],[9.0]
"d = 3
b = 4
d = 4 / 3
print(b * b)
# output",[16.0],[16.0]
"c = 5
d = 5
d = c - 4
print(d)
# output",[1.0],[1.0]
"e = 6
b = 3
e = e - 6
print(e)
# output",[0.0],[0.0]
"d = 4
c = 6
print(d + c)
# output",[10.0],[10.0]
"b = 8
a = 9
e = 5 / 2
print(b * a)
# output",[72.0],[72.0]
"e = 4
print(e)
# output",[4.0],[4.0]
"b = 2
c = 3
print(b / b)
# output",[1.0],[1.0]
"d = 8
d = 0
c = 7 - 1
print(c)
# output",[6.0],[6.0]
"e = 9
print(e * e)
# output",[81.0],[81.0]
"e = 1
a = 6
print(a / 6)
# output",[1.0],[1.0]
"d = 5
d = 9
e = 0 - d
print(d * d)
# output",[81.0],[81.0]
"d = 5
d = d * d
print(d)
# output",[25.0],[25.0]
"b = 7
a = 2
print(a)
# output",[2.0],[2.0]
"b = 3
e = 1
e = 9 + e
print(e)
# output",[10.0],[10.0]
"e = 9
e = 7 * e
print(e + 7)
# output",[70.0],[63.0]
"e = 3
c = 2
d = 1 + 5
print(c * c)
# output",[4.0],[4.0]
"d = 9
b = 5
print(d)
# output",[9.0],[9.0]
"d = 6
e = 6
print(e)
# output",[6.0],[6.0]
"e = 6
e = 7
print(e)
# output",[7.0],[7.0]
"b = 9
a = 2
b = a - 9
print(a - 4)
# output",[-2.0],[-2.0]
"e = 2
c = 3
print(c)
# output",[3.0],[3.0]
"b = 4
b = 3 - b
print(b)
# output",[-1.0],[0.0]
"d = 0
d = 7
print(d + 3)
# output",[10.0],[10.0]
"d = 9
print(d - 9)
# output",[0.0],[0.0]
"c = 4
print(c)
# output",[4.0],[4.0]
"c = 3
e = 2
print(c)
# output",[3.0],[3.0]
"e = 6
c = 4
print(e / 9)
# output",[0.6666666666666666],[0.6666666666666666]
"a = 4
print(a)
# output",[4.0],[4.0]
"c = 8
c = 0
b = 9 * c
print(b)
# output",[0.0],[0.0]
"a = 8
a = 9
print(a)
# output",[9.0],[9.0]
"a = 0
e = a + a
print(a + a)
# output",[0.0],[0.0]
"a = 7
e = 6
print(a + a)
# output",[14.0],[14.0]
"b = 8
e = b + b
print(e)
# output",[16.0],[16.0]
"a = 3
e = 9
b = e - a
print(b)
# output",[6.0],[6.0]
"e = 4
e = 4 * e
print(e / 8)
# output",[2.0],[2.0]
"d = 7
c = 2 + 8
print(d * 1)
# output",[7.0],[7.0]
